{
 "阿鲁巴": [
  12.5,
  -69.96666666
 ],
 "阿富汗": [
  33,
  65
 ],
 "安哥拉": [
  -12.5,
  18.5
 ],
 "安圭拉": [
  18.25,
  -63.16666666
 ],
 "奥兰群岛": [
  60.116667,
  19.9
 ],
 "阿尔巴尼亚": [
  41,
  20
 ],
 "安道尔": [
  42.5,
  1.5
 ],
 "阿拉伯联合酋长国": [
  24,
  54
 ],
 "阿根廷": [
  -34,
  -64
 ],
 "亚美尼亚": [
  40,
  45
 ],
 "美属萨摩亚": [
  -14.33333333,
  -170
 ],
 "南极洲": [
  -90,
  0
 ],
 "法国南部和南极土地": [
  -49.25,
  69.167
 ],
 "安提瓜和巴布达": [
  17.05,
  -61.8
 ],
 "澳大利亚": [
  -27,
  133
 ],
 "奥地利": [
  47.33333333,
  13.33333333
 ],
 "阿塞拜疆": [
  40.5,
  47.5
 ],
 "布隆迪": [
  -3.5,
  30
 ],
 "比利时": [
  50.83333333,
  4
 ],
 "贝宁": [
  9.5,
  2.25
 ],
 "布基纳法索": [
  13,
  -2
 ],
 "孟加拉国": [
  24,
  90
 ],
 "保加利亚": [
  43,
  25
 ],
 "巴林": [
  26,
  50.55
 ],
 "巴哈马": [
  24.25,
  -76
 ],
 "波斯尼亚和黑塞哥维那": [
  44,
  18
 ],
 "圣巴泰勒米": [
  18.5,
  -63.41666666
 ],
 "圣赫勒拿、阿森松和特里斯坦-达库尼亚": [
  -15.95,
  -5.72
 ],
 "白俄罗斯": [
  53,
  28
 ],
 "伯利兹": [
  17.25,
  -88.75
 ],
 "百慕大": [
  32.33333333,
  -64.75
 ],
 "玻利维亚": [
  -17,
  -65
 ],
 "荷蘭加勒比區": [
  12.18,
  -68.25
 ],
 "巴西": [
  -10,
  -55
 ],
 "巴巴多斯": [
  13.16666666,
  -59.53333333
 ],
 "文莱": [
  4.5,
  114.66666666
 ],
 "不丹": [
  27.5,
  90.5
 ],
 "布维岛": [
  -54.43333333,
  3.4
 ],
 "博茨瓦纳": [
  -22,
  24
 ],
 "中非共和国": [
  7,
  21
 ],
 "加拿大": [
  60,
  -95
 ],
 "科科斯": [
  -12.5,
  96.83333333
 ],
 "瑞士": [
  47,
  8
 ],
 "智利": [
  -30,
  -71
 ],
 "中国": [
  35,
  105
 ],
 "科特迪瓦": [
  8,
  -5
 ],
 "喀麦隆": [
  6,
  12
 ],
 "民主刚果": [
  0,
  25
 ],
 "刚果": [
  -1,
  15
 ],
 "库克群岛": [
  -21.23333333,
  -159.76666666
 ],
 "哥伦比亚": [
  4,
  -72
 ],
 "科摩罗": [
  -12.16666666,
  44.25
 ],
 "佛得角": [
  16,
  -24
 ],
 "哥斯达黎加": [
  10,
  -84
 ],
 "古巴": [
  21.5,
  -80
 ],
 "库拉索": [
  12.116667,
  -68.933333
 ],
 "圣诞岛": [
  -10.5,
  105.66666666
 ],
 "开曼群岛": [
  19.5,
  -80.5
 ],
 "塞浦路斯": [
  35,
  33
 ],
 "捷克": [
  49.75,
  15.5
 ],
 "德国": [
  51,
  9
 ],
 "吉布提": [
  11.5,
  43
 ],
 "多米尼加": [
  15.41666666,
  -61.33333333
 ],
 "丹麦": [
  56,
  10
 ],
 "多明尼加": [
  19,
  -70.66666666
 ],
 "阿尔及利亚": [
  28,
  3
 ],
 "厄瓜多尔": [
  -2,
  -77.5
 ],
 "埃及": [
  27,
  30
 ],
 "厄立特里亚": [
  15,
  39
 ],
 "西撒哈拉": [
  24.5,
  -13
 ],
 "西班牙": [
  40,
  -4
 ],
 "爱沙尼亚": [
  59,
  26
 ],
 "埃塞俄比亚": [
  8,
  38
 ],
 "芬兰": [
  64,
  26
 ],
 "斐济": [
  -18,
  175
 ],
 "福克兰群岛": [
  -51.75,
  -59
 ],
 "法国": [
  46,
  2
 ],
 "法罗群岛": [
  62,
  -7
 ],
 "密克罗尼西亚": [
  6.91666666,
  158.25
 ],
 "加蓬": [
  -1,
  11.75
 ],
 "英国": [
  54,
  -2
 ],
 "格鲁吉亚": [
  42,
  43.5
 ],
 "根西岛": [
  49.46666666,
  -2.58333333
 ],
 "加纳": [
  8,
  -2
 ],
 "直布罗陀": [
  36.13333333,
  -5.35
 ],
 "几内亚": [
  11,
  -10
 ],
 "瓜德罗普岛": [
  16.25,
  -61.583333
 ],
 "冈比亚": [
  13.46666666,
  -16.56666666
 ],
 "几内亚比绍": [
  12,
  -15
 ],
 "赤道几内亚": [
  2,
  10
 ],
 "希腊": [
  39,
  22
 ],
 "格林纳达": [
  12.11666666,
  -61.66666666
 ],
 "格陵兰": [
  72,
  -40
 ],
 "危地马拉": [
  15.5,
  -90.25
 ],
 "法属圭亚那": [
  4,
  -53
 ],
 "关岛": [
  13.46666666,
  144.78333333
 ],
 "圭亚那": [
  5,
  -59
 ],
 "香港": [
  22.267,
  114.188
 ],
 "赫德岛和麦当劳群岛": [
  -53.1,
  72.51666666
 ],
 "洪都拉斯": [
  15,
  -86.5
 ],
 "克罗地亚": [
  45.16666666,
  15.5
 ],
 "海地": [
  19,
  -72.41666666
 ],
 "匈牙利": [
  47,
  20
 ],
 "印度尼西亚": [
  -5,
  120
 ],
 "马恩岛": [
  54.25,
  -4.5
 ],
 "印度": [
  20,
  77
 ],
 "英属印度洋领地": [
  -6,
  71.5
 ],
 "爱尔兰": [
  53,
  -8
 ],
 "伊朗": [
  32,
  53
 ],
 "伊拉克": [
  33,
  44
 ],
 "冰岛": [
  65,
  -18
 ],
 "以色列": [
  31.47,
  35.13
 ],
 "意大利": [
  42.83333333,
  12.83333333
 ],
 "牙买加": [
  18.25,
  -77.5
 ],
 "泽西岛": [
  49.25,
  -2.16666666
 ],
 "约旦": [
  31,
  36
 ],
 "日本": [
  36,
  138
 ],
 "哈萨克斯坦": [
  48,
  68
 ],
 "肯尼亚": [
  1,
  38
 ],
 "吉尔吉斯斯坦": [
  41,
  75
 ],
 "柬埔寨": [
  13,
  105
 ],
 "基里巴斯": [
  1.41666666,
  173
 ],
 "圣基茨和尼维斯": [
  17.33333333,
  -62.75
 ],
 "韩国": [
  37,
  127.5
 ],
 "科索沃": [
  42.666667,
  21.166667
 ],
 "科威特": [
  29.5,
  45.75
 ],
 "老挝": [
  18,
  105
 ],
 "黎巴嫩": [
  33.83333333,
  35.83333333
 ],
 "利比里亚": [
  6.5,
  -9.5
 ],
 "利比亚": [
  25,
  17
 ],
 "圣卢西亚": [
  13.88333333,
  -60.96666666
 ],
 "列支敦士登": [
  47.26666666,
  9.53333333
 ],
 "斯里兰卡": [
  7,
  81
 ],
 "莱索托": [
  -29.5,
  28.5
 ],
 "立陶宛": [
  56,
  24
 ],
 "卢森堡": [
  49.75,
  6.16666666
 ],
 "拉脱维亚": [
  57,
  25
 ],
 "澳门": [
  22.16666666,
  113.55
 ],
 "圣马丁": [
  18.08333333,
  -63.95
 ],
 "摩洛哥": [
  32,
  -5
 ],
 "摩纳哥": [
  43.73333333,
  7.4
 ],
 "摩尔多瓦": [
  47,
  29
 ],
 "马达加斯加": [
  -20,
  47
 ],
 "马尔代夫": [
  3.25,
  73
 ],
 "墨西哥": [
  23,
  -102
 ],
 "马绍尔群岛": [
  9,
  168
 ],
 "北馬其頓": [
  41.83333333,
  22
 ],
 "马里": [
  17,
  -4
 ],
 "马耳他": [
  35.83333333,
  14.58333333
 ],
 "缅甸": [
  22,
  98
 ],
 "黑山": [
  42.5,
  19.3
 ],
 "蒙古": [
  46,
  105
 ],
 "北马里亚纳群岛": [
  15.2,
  145.75
 ],
 "莫桑比克": [
  -18.25,
  35
 ],
 "毛里塔尼亚": [
  20,
  -12
 ],
 "蒙特塞拉特": [
  16.75,
  -62.2
 ],
 "马提尼克": [
  14.666667,
  -61
 ],
 "毛里求斯": [
  -20.28333333,
  57.55
 ],
 "马拉维": [
  -13.5,
  34
 ],
 "马来西亚": [
  2.5,
  112.5
 ],
 "马约特": [
  -12.83333333,
  45.16666666
 ],
 "纳米比亚": [
  -22,
  17
 ],
 "新喀里多尼亚": [
  -21.5,
  165.5
 ],
 "尼日尔": [
  16,
  8
 ],
 "诺福克岛": [
  -29.03333333,
  167.95
 ],
 "尼日利亚": [
  10,
  8
 ],
 "尼加拉瓜": [
  13,
  -85
 ],
 "纽埃": [
  -19.03333333,
  -169.86666666
 ],
 "荷兰": [
  52.5,
  5.75
 ],
 "挪威": [
  62,
  10
 ],
 "尼泊尔": [
  28,
  84
 ],
 "瑙鲁": [
  -0.53333333,
  166.91666666
 ],
 "新西兰": [
  -41,
  174
 ],
 "阿曼": [
  21,
  57
 ],
 "巴基斯坦": [
  30,
  70
 ],
 "巴拿马": [
  9,
  -80
 ],
 "皮特凯恩群岛": [
  -25.06666666,
  -130.1
 ],
 "秘鲁": [
  -10,
  -76
 ],
 "菲律宾": [
  13,
  122
 ],
 "帕劳": [
  7.5,
  134.5
 ],
 "巴布亚新几内亚": [
  -6,
  147
 ],
 "波兰": [
  52,
  20
 ],
 "波多黎各": [
  18.25,
  -66.5
 ],
 "朝鲜": [
  40,
  127
 ],
 "葡萄牙": [
  39.5,
  -8
 ],
 "巴拉圭": [
  -23,
  -58
 ],
 "巴勒斯坦": [
  31.9,
  35.2
 ],
 "法属波利尼西亚": [
  -15,
  -140
 ],
 "卡塔尔": [
  25.5,
  51.25
 ],
 "留尼旺岛": [
  -21.15,
  55.5
 ],
 "罗马尼亚": [
  46,
  25
 ],
 "俄罗斯": [
  60,
  100
 ],
 "卢旺达": [
  -2,
  30
 ],
 "沙特阿拉伯": [
  25,
  45
 ],
 "苏丹": [
  15,
  30
 ],
 "塞内加尔": [
  14,
  -14
 ],
 "新加坡": [
  1.36666666,
  103.8
 ],
 "南乔治亚": [
  -54.5,
  -37
 ],
 "斯瓦尔巴特": [
  78,
  20
 ],
 "所罗门群岛": [
  -8,
  159
 ],
 "塞拉利昂": [
  8.5,
  -11.5
 ],
 "萨尔瓦多": [
  13.83333333,
  -88.91666666
 ],
 "圣马力诺": [
  43.76666666,
  12.41666666
 ],
 "索马里": [
  10,
  49
 ],
 "圣皮埃尔和密克隆": [
  46.83333333,
  -56.33333333
 ],
 "塞尔维亚": [
  44,
  21
 ],
 "南苏丹": [
  7,
  30
 ],
 "圣多美和普林西比": [
  1,
  7
 ],
 "苏里南": [
  4,
  -56
 ],
 "斯洛伐克": [
  48.66666666,
  19.5
 ],
 "斯洛文尼亚": [
  46.11666666,
  14.81666666
 ],
 "瑞典": [
  62,
  15
 ],
 "斯威士兰": [
  -26.5,
  31.5
 ],
 "圣马丁岛": [
  18.033333,
  -63.05
 ],
 "塞舌尔": [
  -4.58333333,
  55.66666666
 ],
 "叙利亚": [
  35,
  38
 ],
 "特克斯和凯科斯群岛": [
  21.75,
  -71.58333333
 ],
 "乍得": [
  15,
  19
 ],
 "多哥": [
  8,
  1.16666666
 ],
 "泰国": [
  15,
  100
 ],
 "塔吉克斯坦": [
  39,
  71
 ],
 "托克劳": [
  -9,
  -172
 ],
 "土库曼斯坦": [
  40,
  60
 ],
 "东帝汶": [
  -8.83333333,
  125.91666666
 ],
 "汤加": [
  -20,
  -175
 ],
 "特立尼达和多巴哥": [
  11,
  -61
 ],
 "突尼斯": [
  34,
  9
 ],
 "土耳其": [
  39,
  35
 ],
 "图瓦卢": [
  -8,
  178
 ],
 "台灣": [
  23.5,
  121
 ],
 "坦桑尼亚": [
  -6,
  35
 ],
 "乌干达": [
  1,
  32
 ],
 "乌克兰": [
  49,
  32
 ],
 "美国本土外小岛屿": [
  19.3,
  166.633333
 ],
 "乌拉圭": [
  -33,
  -56
 ],
 "美国": [
  38,
  -97
 ],
 "乌兹别克斯坦": [
  41,
  64
 ],
 "梵蒂冈": [
  41.9,
  12.45
 ],
 "圣文森特和格林纳丁斯": [
  13.25,
  -61.2
 ],
 "委内瑞拉": [
  8,
  -66
 ],
 "英属维尔京群岛": [
  18.431383,
  -64.62305
 ],
 "美属维尔京群岛": [
  18.35,
  -64.933333
 ],
 "越南": [
  16.16666666,
  107.83333333
 ],
 "瓦努阿图": [
  -16,
  167
 ],
 "瓦利斯和富图纳群岛": [
  -13.3,
  -176.2
 ],
 "萨摩亚": [
  -13.58333333,
  -172.33333333
 ],
 "也门": [
  15,
  48
 ],
 "南非": [
  -29,
  24
 ],
 "赞比亚": [
  -15,
  30
 ],
 "津巴布韦": [
  -20,
  30
 ]
}